{
	"welcomeFile": "/webapp/index.html",
	"routes": [{
		"path": "/resources",
		"target": {
			"type": "service",
			"name": "sapui5",
			"entryPath": "/resources",
			"version": "1.52.4"
		},
		"description": "SAPUI5 Resources"
	}, {
		"path": "/test-resources",
		"target": {
			"type": "service",
			"name": "sapui5",
			"entryPath": "/test-resources",
			"version": "1.52.4"
		},
		"description": "SAPUI5 Test Resources"
	}, {
		"path": "/leonardo",
		"target": {
			"type": "destination",
			"name": "SAP_API_HUB",
			"entryPath": "/"
		},
		"description": "Leonardo API Endpoint"
	}],
	"sendWelcomeFileRedirect": true
}